Product_ID,Product_Name,Category,Base_Price,Discount (%),Sales_Units,Final_Price,Profit_Per_Unit,Revenue
P-1,Shoes,Electronics,2101,20,185,1680.8000000000002,245.05544425798234,310948.00000000006
P-2,Earbuds,Home,1418,5,111,1347.1,225.64949228576788,149528.09999999998
P-3,Shoes,Books,4933,20,55,3946.4,929.5337544170487,217052.0
P-4,Smartwatch,Beauty,659,5,184,626.05,142.24839137704495,115193.2
P-5,Lipstick,Beauty,3216,20,54,2572.8,423.42981266215753,138931.2
P-6,Novel,Books,1100,0,70,1100.0,112.98876960042912,77000.0
P-7,Bag,Sports,1470,10,142,1323.0,330.8930100795736,187866.0
P-8,Lipstick,Beauty,5502,15,287,4676.7,1009.3408924509014,1342212.9
P-9,Bag,Electronics,647,0,49,647.0,179.2394303413622,31703.0
P-10,Tennis Racket,Beauty,1172,5,157,1113.3999999999999,216.83528240224396,174803.8
P-11,Smartwatch,Beauty,1723,5,167,1636.85,328.8392763783637,273353.95
P-12,Smartwatch,Books,316,5,110,300.2,75.34702633657058,33022.0
P-13,T-shirt,Beauty,593,0,189,593.0,96.84863017821904,112077.0
P-14,T-shirt,Sports,3386,20,105,2708.8,458.52203740397533,284424.0
P-15,Novel,Sports,1036,5,255,984.1999999999999,195.49976981511514,250970.99999999997
P-16,Lipstick,Fashion,393,20,168,314.40000000000003,59.590983395138515,52819.200000000004
P-17,Shoes,Sports,5225,15,279,4441.25,570.1904983923567,1239108.75
P-18,Shoes,Sports,2041,10,244,1836.9,464.8491215316132,448203.60000000003
P-19,Mixer,Home,3054,15,70,2595.9,534.4445474960606,181713.0
P-20,Smartwatch,Beauty,2737,0,24,2737.0,596.0277898977972,65688.0
P-21,Mixer,Home,4665,20,177,3732.0,976.9998762171355,660564.0
P-22,Tennis Racket,Books,890,20,215,712.0,210.83878010300128,153080.0
P-23,Tennis Racket,Home,4124,5,185,3917.7999999999997,645.8317400145452,724793.0
P-24,Bag,Electronics,5138,15,245,4367.3,579.9334792721708,1069988.5
P-25,Novel,Beauty,5605,15,32,4764.25,1140.7043084333702,152456.0
P-26,Novel,Home,5500,10,280,4950.0,535.1772936907139,1386000.0
P-27,Earbuds,Sports,5910,20,267,4728.0,1071.7010132231394,1262376.0
P-28,Lipstick,Books,2508,20,220,2006.4,506.27098772933465,441408.0
P-29,Lipstick,Sports,4532,10,118,4078.8,446.5903144140739,481298.4
P-30,T-shirt,Books,4434,10,112,3990.6,979.7520872281169,446947.2
P-31,Novel,Beauty,4539,5,212,4312.05,621.7366435199735,914154.6000000001
P-32,Earbuds,Home,2279,20,280,1823.2,533.2356166661132,510496.0
P-33,Earbuds,Beauty,1914,20,84,1531.2,269.93145305677575,128620.8
P-34,Monitor,Electronics,3032,0,39,3032.0,510.44682657046803,118248.0
P-35,Shoes,Electronics,4217,15,135,3584.45,764.0129212852761,483900.75
P-36,Novel,Books,518,20,94,414.40000000000003,63.34430027935012,38953.600000000006
P-37,Earbuds,Sports,2676,10,93,2408.4,518.1868801720168,223981.2
P-38,Tennis Racket,Home,459,0,281,459.0,75.78172301264439,128979.0
P-39,Bag,Home,708,15,59,601.8,158.52076474671992,35506.2
P-40,Tennis Racket,Sports,3340,20,14,2672.0,521.8471242067112,37408.0
P-41,Bag,Sports,813,0,62,813.0,139.87544321175014,50406.0
P-42,Earbuds,Electronics,5494,10,20,4944.6,908.9766734993419,98892.0
P-43,Smartwatch,Home,3243,5,280,3080.85,662.6016198170161,862638.0
P-44,Tennis Racket,Sports,3563,10,170,3206.7000000000003,934.2213087948902,545139.0
P-45,Bag,Home,4710,10,34,4239.0,1104.7488172294022,144126.0
P-46,Lipstick,Electronics,272,5,45,258.4,45.13908291234283,11627.999999999998
P-47,Novel,Home,4942,20,114,3953.6000000000004,715.5656632862002,450710.4
P-48,Lipstick,Books,4017,10,216,3615.3,824.7056506030917,780904.8
P-49,Shoes,Beauty,1176,5,77,1117.2,268.3147646018389,86024.40000000001
P-50,Bag,Electronics,2992,10,216,2692.8,591.3829299198986,581644.8
P-51,Lipstick,Books,1796,10,199,1616.4,244.44158024736134,321663.60000000003
P-52,Novel,Books,3302,15,256,2806.7,826.3336524439607,718515.2
P-53,Earbuds,Beauty,5338,10,249,4804.2,867.0124846152245,1196245.8
P-54,Tennis Racket,Beauty,2085,15,286,1772.25,468.91585935398035,506863.5
P-55,Shoes,Sports,4886,20,93,3908.8,517.8057669628573,363518.4
P-56,Smartwatch,Books,2867,15,267,2436.95,681.0037212819387,650665.6499999999
P-57,Lipstick,Home,3480,15,171,2958.0,500.43047302081834,505818.0
P-58,Monitor,Electronics,562,10,41,505.8,61.4465398945462,20737.8
P-59,Lipstick,Sports,5674,20,225,4539.2,1178.0583852515683,1021320.0
P-60,Tennis Racket,Sports,1581,15,192,1343.85,270.52887683936257,258019.19999999998
P-61,Bag,Fashion,5334,5,193,5067.3,1401.7188945667092,977988.9
P-62,Lipstick,Home,5899,10,186,5309.1,1148.406744133676,987492.6000000001
P-63,Smartwatch,Electronics,5093,15,176,4329.05,888.9555008294267,761912.8
P-64,T-shirt,Books,2808,5,153,2667.6,585.6679492920966,408142.8
P-65,Mixer,Books,282,0,52,282.0,55.02775233181644,14664.0
P-66,Novel,Electronics,3564,15,14,3029.4,786.3298322129029,42411.6
P-67,Lipstick,Beauty,4238,15,224,3602.2999999999997,744.4391317562124,806915.2
P-68,Mixer,Electronics,669,15,78,568.65,168.47840916291338,44354.7
P-69,Mixer,Fashion,3311,10,106,2979.9,678.8740010631614,315869.4
P-70,T-shirt,Beauty,3978,5,195,3779.1,1043.0137139888716,736924.5
P-71,Monitor,Books,2850,0,255,2850.0,361.8902694821308,726750.0
P-72,Tennis Racket,Books,3350,0,89,3350.0,593.186652760251,298150.0
P-73,Earbuds,Beauty,5286,10,267,4757.400000000001,707.8903021065797,1270225.8
P-74,Shoes,Home,3727,0,20,3727.0,601.0161463327364,74540.0
P-75,Smartwatch,Sports,1374,5,190,1305.3,360.2646607643013,248007.0
P-76,Monitor,Home,2714,0,145,2714.0,649.3588745872419,393530.0
P-77,Bag,Beauty,4045,20,246,3236.0,949.5164904582623,796056.0
P-78,Earbuds,Home,483,0,53,483.0,109.69412546466397,25599.0
P-79,Novel,Sports,676,5,104,642.1999999999999,188.5708881902806,66788.79999999999
P-80,Shoes,Sports,4035,15,226,3429.75,399.55385380742274,775123.5
P-81,Monitor,Books,3670,10,300,3303.0,647.0536560125004,990900.0
P-82,Monitor,Beauty,3576,20,220,2860.8,587.1430075705531,629376.0
P-83,Novel,Electronics,1591,15,25,1352.35,158.7107147286546,33808.75
P-84,Bag,Electronics,3606,0,207,3606.0,888.9331118027039,746442.0
P-85,Smartwatch,Fashion,3470,15,97,2949.5,551.533261017996,286101.5
P-86,Shoes,Electronics,3632,15,288,3087.2,753.6301924142568,889113.6
P-87,Earbuds,Fashion,5792,5,241,5502.4,1593.1621002473735,1326078.4
P-88,Lipstick,Beauty,928,15,63,788.8,86.42021980484769,49694.399999999994
P-89,Monitor,Electronics,4995,10,161,4495.5,486.82801460119333,723775.5
P-90,Earbuds,Beauty,2738,20,87,2190.4,280.2310276737679,190564.80000000002
P-91,Lipstick,Electronics,2854,5,280,2711.2999999999997,773.0140944667869,759163.9999999999
P-92,Smartwatch,Books,303,15,24,257.55,27.76887553130353,6181.200000000001
P-93,Smartwatch,Sports,4357,5,231,4139.15,497.8133062813875,956143.6499999999
P-94,T-shirt,Sports,2128,15,49,1808.8,282.9015731233505,88631.2
P-95,Tennis Racket,Books,5503,15,248,4677.55,633.7581403190125,1160032.4000000001
P-96,Lipstick,Electronics,4598,15,294,3908.2999999999997,775.6173512152628,1149040.2
P-97,Tennis Racket,Sports,2916,0,262,2916.0,668.1302935834556,763992.0
P-98,Earbuds,Sports,2997,0,72,2997.0,563.272785491919,215784.0
P-99,Novel,Fashion,4052,0,241,4052.0,778.4471555368094,976532.0
P-100,Tennis Racket,Beauty,3019,15,262,2566.15,444.0134912222096,672331.3
P-101,Smartwatch,Sports,2161,20,109,1728.8000000000002,317.9226617560195,188439.2
P-102,T-shirt,Beauty,5460,20,148,4368.0,611.8197111319903,646464.0
P-103,Tennis Racket,Beauty,1169,0,123,1169.0,206.46225621977663,143787.0
P-104,T-shirt,Electronics,3010,10,211,2709.0,382.2270025405575,571599.0
P-105,Shoes,Fashion,334,15,26,283.9,43.63285788462164,7381.4
P-106,Novel,Books,3455,5,174,3282.25,741.1561803318122,571111.5
P-107,Shoes,Books,4876,5,164,4632.2,1106.5505676222506,759680.7999999999
P-108,Lipstick,Beauty,5890,10,231,5301.0,1584.3989900171346,1224531.0
P-109,Shoes,Fashion,5160,15,193,4386.0,884.5086475028648,846498.0
P-110,Shoes,Electronics,5401,5,66,5130.95,929.3593655073365,338642.7
P-111,Mixer,Beauty,2869,20,206,2295.2000000000003,568.3417061490825,472811.20000000007
P-112,Tennis Racket,Sports,3196,0,288,3196.0,483.3004100508936,920448.0
P-113,Novel,Electronics,2213,20,105,1770.4,516.745092064614,185892.0
P-114,Shoes,Home,5520,0,129,5520.0,927.0131944182443,712080.0
P-115,Earbuds,Sports,5689,10,145,5120.1,1263.1091916416872,742414.5
P-116,Monitor,Books,5393,20,176,4314.400000000001,748.4207545194424,759334.4000000001
P-117,Mixer,Electronics,5213,20,154,4170.400000000001,1154.839167469736,642241.6000000001
P-118,Monitor,Beauty,1671,10,145,1503.9,275.0798099304976,218065.5
P-119,Novel,Beauty,3023,0,97,3023.0,888.3721083444314,293231.0
P-120,Shoes,Beauty,1118,10,73,1006.2,168.62176172325564,73452.6
P-121,Monitor,Beauty,5586,10,136,5027.400000000001,1252.1913622883446,683726.4
P-122,Earbuds,Books,3511,10,200,3159.9,405.2441993581528,631980.0
P-123,Shoes,Books,980,15,180,833.0,164.35559254583325,149940.0
P-124,T-shirt,Fashion,3547,5,147,3369.6499999999996,459.5790297250747,495338.54999999993
P-125,T-shirt,Beauty,1083,5,15,1028.85,196.76924365066435,15432.749999999998
P-126,T-shirt,Electronics,5520,10,59,4968.0,1181.411617829876,293112.0
P-127,Mixer,Beauty,4539,0,29,4539.0,1305.3557479365522,131631.0
P-128,Lipstick,Books,4719,5,109,4483.05,1002.1895893995376,488652.45
P-129,T-shirt,Electronics,5271,15,31,4480.349999999999,707.9842959688403,138890.84999999998
P-130,Bag,Home,4986,10,204,4487.400000000001,570.58655184228,915429.6000000001
P-131,Novel,Electronics,3653,15,60,3105.0499999999997,539.5142978327256,186302.99999999997
P-132,Shoes,Beauty,3298,5,264,3133.1,555.4163068242173,827138.4
P-133,T-shirt,Beauty,3204,20,262,2563.2000000000003,396.1466012909406,671558.4
P-134,Shoes,Fashion,3645,5,257,3462.75,479.96242198797324,889926.75
P-135,Tennis Racket,Beauty,2417,10,208,2175.3,532.1816198471527,452462.4
P-136,Monitor,Electronics,545,5,127,517.75,130.6419507318981,65754.25
P-137,Smartwatch,Fashion,5473,15,279,4652.05,690.9593528431776,1297921.95
P-138,Smartwatch,Beauty,5423,10,154,4880.7,1406.6385657032617,751627.7999999999
P-139,Earbuds,Books,5765,10,65,5188.5,1432.2519144202015,337252.5
P-140,Smartwatch,Beauty,1500,15,48,1275.0,315.1312101444691,61200.0
P-141,Novel,Home,1312,20,71,1049.6000000000001,287.5913275510843,74521.6
P-142,Novel,Sports,216,0,258,216.0,51.53068914511013,55728.0
P-143,Novel,Electronics,3964,0,289,3964.0,594.190058642671,1145596.0
P-144,Tennis Racket,Electronics,4541,15,146,3859.85,649.227519905338,563538.1
P-145,Bag,Beauty,2096,20,76,1676.8000000000002,368.8467728422588,127436.80000000002
P-146,T-shirt,Home,5264,20,84,4211.2,851.0752576483108,353740.8
P-147,Monitor,Fashion,1155,15,64,981.75,198.12662379859768,62832.0
P-148,T-shirt,Home,5843,15,226,4966.55,1267.0303850520254,1122440.3
P-149,Mixer,Beauty,3338,10,292,3004.2000000000003,493.20494266280747,877226.4
P-150,Novel,Home,3880,20,175,3104.0,403.60853341702756,543200.0
P-151,Lipstick,Home,2583,15,32,2195.5499999999997,415.8673940510696,70257.59999999999
P-152,Lipstick,Fashion,5342,5,19,5074.9,1269.1779023225156,96423.09999999999
P-153,Lipstick,Books,5612,20,136,4489.6,594.288959546849,610585.6000000001
P-154,Mixer,Electronics,796,10,294,716.4,171.08837062468342,210621.6
P-155,Monitor,Home,5624,20,164,4499.2,636.1298698656011,737868.7999999999
P-156,Smartwatch,Fashion,5156,20,94,4124.8,865.2000666443956,387731.2
P-157,Smartwatch,Beauty,869,10,213,782.1,164.90701472858376,166587.30000000002
P-158,Monitor,Home,2939,0,98,2939.0,675.0325082918067,288022.0
P-159,Earbuds,Electronics,3392,5,289,3222.3999999999996,431.9461985950357,931273.5999999999
P-160,Bag,Home,1936,15,258,1645.6,374.0052121670709,424564.8
P-161,Mixer,Home,4247,10,286,3822.3,852.7980084719464,1093177.8
P-162,Lipstick,Beauty,3139,0,32,3139.0,796.1331238374943,100448.0
P-163,Lipstick,Sports,5575,5,196,5296.25,739.6552063494921,1038065.0
P-164,Mixer,Beauty,1312,0,154,1312.0,378.9966465939086,202048.0
P-165,Tennis Racket,Sports,5326,15,191,4527.099999999999,947.4024084452789,864676.0999999999
P-166,Smartwatch,Electronics,1503,5,79,1427.85,371.72216646782385,112800.15
P-167,Novel,Books,5215,20,247,4172.0,1218.9886859705673,1030484.0
P-168,Lipstick,Beauty,1127,10,64,1014.3000000000001,186.7306013749114,64915.200000000004
P-169,Monitor,Sports,2951,10,52,2655.9,269.04475925509246,138106.80000000002
P-170,Tennis Racket,Sports,3663,10,265,3296.7000000000003,411.7095102526099,873625.5000000001
P-171,Smartwatch,Books,5792,15,220,4923.2,1231.5936912215034,1083104.0
P-172,Tennis Racket,Books,5587,15,142,4748.95,1075.0377120779879,674350.9
P-173,Monitor,Books,5194,10,147,4674.6,1110.883439338878,687166.2000000001
P-174,Tennis Racket,Beauty,1146,10,205,1031.4,278.7005074075265,211437.00000000003
P-175,T-shirt,Home,4636,20,12,3708.8,1064.4973931717223,44505.600000000006
P-176,Novel,Beauty,5392,10,215,4852.8,908.3404181673103,1043352.0
P-177,Novel,Fashion,5803,10,103,5222.7,696.8028999200294,537938.1
P-178,Smartwatch,Electronics,4302,10,135,3871.8,387.8301809633886,522693.0
P-179,Bag,Electronics,2821,0,125,2821.0,565.4153343898357,352625.0
P-180,Shoes,Electronics,4772,0,255,4772.0,626.613114153225,1216860.0
P-181,T-shirt,Beauty,609,0,50,609.0,133.71083058185107,30450.0
P-182,Earbuds,Home,3071,0,65,3071.0,405.88158588295056,199615.0
P-183,T-shirt,Home,4010,20,173,3208.0,653.4154429120841,554984.0
P-184,Tennis Racket,Sports,3088,15,163,2624.7999999999997,562.5573582246284,427842.39999999997
P-185,Lipstick,Electronics,1418,15,74,1205.3,165.6654686403239,89192.2
P-186,Tennis Racket,Electronics,2107,10,88,1896.3,459.43518633438197,166874.4
P-187,Earbuds,Home,5589,0,12,5589.0,1045.9503969309762,67068.0
P-188,Earbuds,Electronics,1820,0,250,1820.0,428.3576598395118,455000.0
P-189,Novel,Electronics,2762,15,65,2347.7,456.88682975944096,152600.5
P-190,Smartwatch,Sports,3773,0,286,3773.0,937.4216229550387,1079078.0
P-191,Shoes,Electronics,2686,15,24,2283.1,529.5792607822264,54794.399999999994
P-192,Lipstick,Electronics,5248,0,30,5248.0,1017.869628596576,157440.0
P-193,T-shirt,Fashion,2827,15,18,2402.95,717.8786424714806,43253.1
P-194,Mixer,Sports,852,5,141,809.4,81.69319821157937,114125.4
P-195,Tennis Racket,Books,5995,0,16,5995.0,984.4269704166862,95920.0
P-196,Lipstick,Beauty,856,15,20,727.6,80.07488086549401,14552.0
P-197,Shoes,Fashion,4534,10,229,4080.6,801.7184511558863,934457.4
P-198,Earbuds,Home,681,15,16,578.85,109.29645958343194,9261.6
P-199,Tennis Racket,Home,5494,10,223,4944.6,1040.4867200522062,1102645.8
P-200,Bag,Books,4415,0,139,4415.0,606.4380437210204,613685.0
P-201,Smartwatch,Beauty,4658,0,250,4658.0,907.4206785587774,1164500.0
P-202,Novel,Fashion,1645,15,224,1398.25,252.8502691395466,313208.0
P-203,Monitor,Books,5031,20,299,4024.8,940.880289408797,1203415.2
P-204,T-shirt,Home,1855,15,184,1576.75,209.3521187899149,290122.0
P-205,T-shirt,Sports,1674,5,181,1590.3,205.42231238524866,287844.3
P-206,Smartwatch,Electronics,329,0,102,329.0,33.385456288072355,33558.0
P-207,Bag,Electronics,4371,5,166,4152.45,881.9007355178179,689306.7
P-208,Novel,Beauty,4521,20,229,3616.8,969.7143217742763,828247.2000000001
P-209,T-shirt,Fashion,669,5,242,635.55,186.89399650851675,153803.09999999998
P-210,Tennis Racket,Beauty,2280,20,156,1824.0,378.6445476491338,284544.0
P-211,Earbuds,Fashion,1706,20,191,1364.8000000000002,299.4783707374893,260676.80000000005
P-212,T-shirt,Electronics,4786,10,245,4307.400000000001,1236.7441033575917,1055313.0000000002
P-213,Bag,Beauty,2780,15,26,2363.0,268.6789541529824,61438.0
P-214,Novel,Electronics,1687,5,60,1602.6499999999999,194.2029757286777,96158.99999999999
P-215,Earbuds,Books,1699,10,277,1529.1000000000001,207.80739836018873,423560.7
P-216,Mixer,Books,5288,15,18,4494.8,1156.5895955618469,80906.40000000001
P-217,Mixer,Fashion,5002,15,296,4251.7,1000.6877774215724,1258503.2
P-218,T-shirt,Home,4513,0,65,4513.0,593.9050573007875,293345.0
P-219,Smartwatch,Home,5729,20,44,4583.2,1054.6875741637305,201660.8
P-220,T-shirt,Beauty,2337,0,59,2337.0,679.0791537198141,137883.0
P-221,Monitor,Fashion,5187,5,287,4927.65,572.3920755042285,1414235.5499999998
P-222,Lipstick,Beauty,1502,10,201,1351.8,398.1079847892708,271711.8
P-223,Smartwatch,Home,1730,15,300,1470.5,305.92025217565754,441150.0
P-224,Earbuds,Fashion,2212,5,100,2101.4,490.6323474112215,210140.0
P-225,Bag,Electronics,2042,20,165,1633.6000000000001,332.47630326527974,269544.0
P-226,Novel,Books,1921,15,28,1632.85,264.29157715903153,45719.799999999996
P-227,Smartwatch,Beauty,2882,10,285,2593.8,553.1820042092701,739233.0
P-228,Novel,Electronics,1915,20,90,1532.0,329.9904560554001,137880.0
P-229,T-shirt,Electronics,1778,5,274,1689.1,381.0015547686109,462813.39999999997
P-230,Lipstick,Home,4279,20,272,3423.2000000000003,453.2638060274515,931110.4
P-231,Lipstick,Home,4584,5,125,4354.8,1077.8773818069913,544350.0
P-232,Monitor,Electronics,4586,15,151,3898.1,710.0406048976907,588613.1
P-233,Monitor,Books,5957,10,96,5361.3,591.5369063433124,514684.80000000005
P-234,Mixer,Sports,2885,20,258,2308.0,238.47665558493617,595464.0
P-235,Smartwatch,Books,5565,5,21,5286.75,1518.0388192487235,111021.75
P-236,Earbuds,Sports,2246,0,192,2246.0,652.7003426663285,431232.0
P-237,Earbuds,Fashion,3082,15,201,2619.7,499.09136795352924,526559.7
P-238,Tennis Racket,Home,4723,15,126,4014.5499999999997,1058.6659472595343,505833.3
P-239,Smartwatch,Beauty,3227,15,80,2742.95,323.3380270088365,219436.0
P-240,Shoes,Sports,2541,5,145,2413.95,352.91241408182935,350022.75
P-241,Novel,Beauty,4658,20,102,3726.4,534.9077227662073,380092.8
P-242,Bag,Books,2074,10,189,1866.6000000000001,551.6372402967677,352787.4
P-243,Lipstick,Books,1696,5,262,1611.1999999999998,256.9338368613319,422134.39999999997
P-244,Tennis Racket,Home,3361,5,93,3192.95,615.8978470271078,296944.35
P-245,Shoes,Beauty,5182,5,278,4922.9,1401.996393024004,1368566.2
P-246,Lipstick,Books,1811,15,40,1539.35,221.28385669487471,61574.0
P-247,Bag,Books,1022,15,88,868.6999999999999,216.3060011773134,76445.59999999999
P-248,Tennis Racket,Fashion,4408,15,280,3746.7999999999997,1026.3039491374575,1049104.0
P-249,Smartwatch,Books,678,0,41,678.0,161.38803886527063,27798.0
P-250,Mixer,Home,5650,5,99,5367.5,1503.9314492299782,531382.5
P-251,Smartwatch,Beauty,5338,10,45,4804.2,565.8643434358835,216189.0
P-252,Earbuds,Electronics,4600,10,76,4140.0,425.36907087871106,314640.0
P-253,Novel,Sports,3320,10,116,2988.0,473.0140013402305,346608.0
P-254,Lipstick,Fashion,1707,15,160,1450.95,232.981346018127,232152.0
P-255,Smartwatch,Fashion,3822,0,190,3822.0,1059.9745398474374,726180.0
P-256,Lipstick,Books,4095,20,243,3276.0,951.4011876890794,796068.0
P-257,Novel,Fashion,4333,20,21,3466.4,437.9132033944459,72794.40000000001
P-258,Shoes,Home,5406,0,261,5406.0,1496.0084286645786,1410966.0
P-259,Tennis Racket,Books,2423,15,143,2059.5499999999997,500.08295778786476,294515.64999999997
P-260,Earbuds,Fashion,3022,20,155,2417.6,494.56832684373717,374728.0
P-261,Bag,Home,362,5,87,343.9,99.94283258345656,29919.3
P-262,Monitor,Beauty,1353,10,148,1217.7,159.14865128474585,180219.6
P-263,Smartwatch,Fashion,3951,0,251,3951.0,469.65187671391374,991701.0
P-264,Smartwatch,Fashion,3964,10,127,3567.6,672.0029550372802,453085.2
P-265,Mixer,Sports,4888,20,241,3910.4,867.9141987768016,942406.4
P-266,Smartwatch,Sports,838,10,182,754.2,132.5192256919029,137264.4
P-267,Tennis Racket,Beauty,4818,5,245,4577.099999999999,954.8582090656363,1121389.4999999998
P-268,Earbuds,Home,4506,20,244,3604.8,704.8829360874827,879571.2000000001
P-269,Lipstick,Books,3926,5,20,3729.7,1104.1368020795296,74594.0
P-270,Mixer,Fashion,259,20,280,207.20000000000002,58.37055837317503,58016.00000000001
P-271,T-shirt,Sports,450,20,211,360.0,91.79010855787894,75960.0
P-272,T-shirt,Sports,1998,0,168,1998.0,529.1681747701883,335664.0
P-273,Novel,Sports,2934,10,203,2640.6,386.7660138015005,536041.7999999999
P-274,Tennis Racket,Electronics,5773,10,300,5195.7,889.4711527125652,1558710.0
P-275,Tennis Racket,Beauty,1141,0,196,1141.0,170.4749360020963,223636.0
P-276,T-shirt,Fashion,3159,0,250,3159.0,528.0987422673871,789750.0
P-277,T-shirt,Beauty,5727,5,35,5440.65,927.1678957917081,190422.75
P-278,T-shirt,Home,5750,5,29,5462.5,1316.4284336103767,158412.5
P-279,Monitor,Fashion,3841,0,246,3841.0,530.6683099210725,944886.0
P-280,Monitor,Books,5127,15,54,4357.95,606.7791394534136,235329.3
P-281,Lipstick,Books,2177,0,152,2177.0,505.15411274303085,330904.0
P-282,Smartwatch,Sports,4297,10,300,3867.3,1138.1784137707234,1160190.0
P-283,Novel,Home,2806,5,85,2665.7,786.0282056836804,226584.49999999997
P-284,Lipstick,Home,2515,15,26,2137.75,522.8608426867166,55581.5
P-285,Earbuds,Electronics,5164,5,280,4905.8,654.1043293489947,1373624.0
P-286,Tennis Racket,Beauty,3643,10,61,3278.7000000000003,867.1134127445861,200000.7
P-287,Monitor,Beauty,4606,20,227,3684.8,973.5812702812299,836449.6000000001
P-288,Smartwatch,Fashion,819,15,131,696.15,189.95396410525842,91195.65
P-289,T-shirt,Home,3231,5,137,3069.45,829.3149149914108,420514.64999999997
P-290,Smartwatch,Sports,1703,20,21,1362.4,346.57803032633575,28610.4
P-291,Monitor,Fashion,1432,0,13,1432.0,292.77768200803865,18616.0
P-292,T-shirt,Sports,1152,5,30,1094.3999999999999,195.29321422307473,32831.99999999999
P-293,Earbuds,Beauty,3928,0,159,3928.0,713.2786555238289,624552.0
P-294,Shoes,Home,4697,5,241,4462.15,604.8684061974882,1075378.15
P-295,Lipstick,Fashion,393,0,132,393.0,49.119999881372244,51876.0
P-296,Monitor,Sports,5068,15,103,4307.8,477.7465997205189,443703.4
P-297,Monitor,Home,4406,20,274,3524.8,971.9874970068564,965795.2000000001
P-298,Lipstick,Beauty,1878,5,48,1784.1,433.0361174015576,85636.79999999999
P-299,Shoes,Fashion,624,20,292,499.20000000000005,145.41249091404543,145766.40000000002
P-300,Lipstick,Sports,4540,20,239,3632.0,442.4642738534347,868048.0
P-301,Monitor,Beauty,3663,20,113,2930.4,750.3250168907292,331135.2
P-302,Novel,Home,1849,0,143,1849.0,378.016138414875,264407.0
P-303,Lipstick,Sports,1191,10,173,1071.9,241.9809003313732,185438.7
P-304,Earbuds,Sports,5028,0,208,5028.0,1217.2065406980378,1045824.0
P-305,Smartwatch,Beauty,4199,20,126,3359.2000000000003,737.3016450354444,423259.2
P-306,Smartwatch,Books,2810,5,162,2669.5,594.503591204898,432459.0
P-307,Tennis Racket,Sports,3988,5,195,3788.6,690.1723413332877,738777.0
P-308,Bag,Beauty,4582,20,211,3665.6000000000004,763.1776678647718,773441.6000000001
P-309,Novel,Home,533,20,187,426.40000000000003,96.13048116893977,79736.8
P-310,Lipstick,Fashion,4805,5,198,4564.75,1196.0111821884532,903820.5
P-311,Lipstick,Home,5554,0,71,5554.0,760.1093577433064,394334.0
P-312,Lipstick,Sports,2756,10,275,2480.4,515.5204551158604,682110.0
P-313,Tennis Racket,Sports,4496,20,253,3596.8,410.33698211736134,909990.4
P-314,Shoes,Sports,1365,5,207,1296.75,247.83539481287494,268427.25
P-315,Tennis Racket,Beauty,1309,10,212,1178.1000000000001,269.5817939048485,249757.20000000004
P-316,Earbuds,Sports,221,10,52,198.9,43.53893548043895,10342.800000000001
P-317,Tennis Racket,Home,5702,15,264,4846.7,729.3937213806574,1279528.8
P-318,Tennis Racket,Beauty,2786,10,154,2507.4,317.9191352312767,386139.60000000003
P-319,T-shirt,Sports,5440,20,73,4352.0,878.8502596334692,317696.0
P-320,Shoes,Home,4418,20,231,3534.4,476.9664140804741,816446.4
P-321,Earbuds,Beauty,1289,5,103,1224.55,218.18765570439493,126128.65
P-322,Earbuds,Fashion,5442,15,33,4625.7,1301.1283675936793,152648.1
P-323,Tennis Racket,Fashion,648,5,58,615.6,105.79331687310659,35704.8
P-324,Earbuds,Home,5323,5,119,5056.849999999999,1034.7982733782069,601765.1499999999
P-325,Tennis Racket,Electronics,2836,20,197,2268.8,579.7004910627236,446953.60000000003
P-326,Bag,Books,4701,20,234,3760.8,622.1215551712188,880027.2000000001
P-327,Smartwatch,Books,3339,0,68,3339.0,616.1605945227952,227052.0
P-328,Bag,Fashion,3750,10,289,3375.0,721.0608972831196,975375.0
P-329,Bag,Sports,1294,10,233,1164.6000000000001,191.5001345675441,271351.80000000005
P-330,Tennis Racket,Home,524,10,125,471.6,104.15058293629998,58950.0
P-331,Lipstick,Fashion,5895,15,168,5010.75,1142.2270543237826,841806.0
P-332,T-shirt,Beauty,2894,20,275,2315.2000000000003,397.0922862415465,636680.0000000001
P-333,Mixer,Electronics,5519,15,181,4691.15,1077.7967149796125,849098.1499999999
P-334,T-shirt,Sports,1767,5,175,1678.6499999999999,359.87460264578846,293763.75
P-335,T-shirt,Electronics,4387,10,175,3948.3,724.5825419033911,690952.5
P-336,Lipstick,Fashion,2142,20,259,1713.6000000000001,263.6249019221478,443822.4
P-337,Tennis Racket,Home,414,0,295,414.0,56.54339414945005,122130.0
P-338,Bag,Electronics,332,0,35,332.0,87.47208548038587,11620.0
P-339,Smartwatch,Beauty,4162,5,23,3953.8999999999996,970.4535480523832,90939.7
P-340,T-shirt,Books,244,10,50,219.6,52.13580362283884,10980.0
P-341,Lipstick,Home,2782,10,278,2503.8,455.09096796161936,696056.4
P-342,Smartwatch,Books,3291,20,212,2632.8,501.41549971818284,558153.6000000001
P-343,Smartwatch,Sports,2273,5,43,2159.35,557.4958629192349,92852.05
P-344,Novel,Sports,5796,0,223,5796.0,1104.3972684623664,1292508.0
P-345,Novel,Books,3047,15,197,2589.95,415.43773805895916,510220.14999999997
P-346,Tennis Racket,Electronics,3453,10,47,3107.7000000000003,515.1106968380002,146061.90000000002
P-347,T-shirt,Sports,5342,20,178,4273.6,1114.2460538434927,760700.8
P-348,T-shirt,Beauty,1403,5,182,1332.85,379.63072155872425,242578.69999999998
P-349,Shoes,Fashion,2251,10,245,2025.9,319.2801268472135,496345.5
P-350,Earbuds,Home,2006,10,226,1805.4,279.1502708721055,408020.4
P-351,Tennis Racket,Home,1798,5,43,1708.1,335.1303657651291,73448.3
P-352,Bag,Beauty,3653,20,181,2922.4,639.1809870870527,528954.4
P-353,Novel,Books,2552,5,182,2424.4,521.9741212545198,441240.8
P-354,Monitor,Home,742,20,147,593.6,129.74845412041617,87259.2
P-355,T-shirt,Books,1201,20,78,960.8000000000001,138.58314144655594,74942.40000000001
P-356,Tennis Racket,Beauty,705,20,78,564.0,98.3355862146846,43992.0
P-357,Novel,Home,4995,15,171,4245.75,685.0266505495268,726023.25
P-358,T-shirt,Electronics,953,0,159,953.0,242.3679774521433,151527.0
P-359,T-shirt,Fashion,4980,15,192,4233.0,780.1193577418201,812736.0
P-360,Smartwatch,Sports,1133,15,233,963.05,248.40100912354717,224390.65
P-361,Shoes,Sports,2436,15,292,2070.6,539.7096502150771,604615.2
P-362,Lipstick,Electronics,1971,5,134,1872.4499999999998,210.56620312475408,250908.3
P-363,Bag,Home,5320,10,265,4788.0,893.938053317559,1268820.0
P-364,T-shirt,Beauty,1718,5,104,1632.1,408.0989155490017,169738.4
P-365,Mixer,Sports,4933,5,25,4686.349999999999,867.3868938800766,117158.74999999999
P-366,Novel,Home,1311,10,232,1179.9,153.66914661608214,273736.80000000005
P-367,Bag,Electronics,1313,0,45,1313.0,272.5835379697495,59085.0
P-368,T-shirt,Beauty,2513,0,202,2513.0,439.5131602357762,507626.0
P-369,Mixer,Sports,5355,5,13,5087.25,806.6217329936654,66134.25
P-370,Monitor,Home,1099,5,114,1044.05,171.32496963645502,119021.7
P-371,Smartwatch,Beauty,636,0,241,636.0,179.9878030930504,153276.0
P-372,Monitor,Home,5851,5,58,5558.45,557.7970799776062,322390.1
P-373,Shoes,Books,1156,15,101,982.6,264.3416524602447,99242.6
P-374,T-shirt,Electronics,4826,15,250,4102.099999999999,423.80707692596036,1025524.9999999999
P-375,T-shirt,Sports,1248,0,170,1248.0,142.30123487704682,212160.0
P-376,Mixer,Electronics,2260,15,269,1921.0,533.4862260456712,516749.0
P-377,Smartwatch,Books,4634,0,104,4634.0,873.1350678026104,481936.0
P-378,Smartwatch,Fashion,873,10,33,785.7,150.324253332264,25928.100000000002
P-379,Lipstick,Home,2147,15,203,1824.95,196.26501250892397,370464.85000000003
P-380,Earbuds,Home,3588,15,55,3049.7999999999997,646.0944952395613,167738.99999999997
P-381,Earbuds,Electronics,3970,20,69,3176.0,631.0321379814729,219144.0
P-382,Lipstick,Electronics,3272,0,173,3272.0,573.1290036301262,566056.0
P-383,Earbuds,Sports,5132,0,198,5132.0,764.8369004081916,1016136.0
P-384,Monitor,Beauty,4450,15,284,3782.5,1000.8311823360367,1074230.0
P-385,Monitor,Electronics,721,20,27,576.8000000000001,148.8897183458651,15573.600000000002
P-386,Lipstick,Electronics,4512,0,17,4512.0,1193.3570136114004,76704.0
P-387,Monitor,Sports,3833,0,291,3833.0,436.72473448999614,1115403.0
P-388,Lipstick,Fashion,5799,5,178,5509.05,648.4374614130962,980610.9
P-389,Bag,Home,4439,0,165,4439.0,564.0519087415854,732435.0
P-390,Shoes,Electronics,2127,20,113,1701.6000000000001,310.8403947027542,192280.80000000002
P-391,Novel,Beauty,2152,0,196,2152.0,430.42781630058187,421792.0
P-392,Mixer,Electronics,3446,5,135,3273.7,548.1932346758709,441949.5
P-393,Lipstick,Electronics,5657,10,200,5091.3,1337.7691333033818,1018260.0
P-394,Earbuds,Home,2791,10,129,2511.9,751.3940408396337,324035.10000000003
P-395,Smartwatch,Sports,4577,15,81,3890.45,1002.9952042170287,315126.45
P-396,Novel,Electronics,2921,20,230,2336.8,476.2782921370335,537464.0
P-397,Earbuds,Fashion,4372,15,179,3716.2,831.2351686719105,665199.7999999999
P-398,Bag,Books,5183,20,138,4146.400000000001,1166.8918988247897,572203.2000000001
P-399,Novel,Beauty,1316,0,76,1316.0,211.49751375364346,100016.0
P-400,Earbuds,Sports,5885,15,201,5002.25,1165.262781538484,1005452.25
P-401,Novel,Electronics,3043,20,55,2434.4,546.0217690721106,133892.0
P-402,Lipstick,Home,4799,5,238,4559.05,1154.53757551919,1085053.9000000001
P-403,Smartwatch,Electronics,1691,5,203,1606.4499999999998,276.78445253096766,326109.35
P-404,T-shirt,Fashion,3353,15,17,2850.0499999999997,774.8459358662271,48450.85
P-405,Tennis Racket,Beauty,1217,10,60,1095.3,153.30838635730325,65718.0
P-406,Monitor,Sports,3331,20,47,2664.8,317.5240809638648,125245.6
P-407,Smartwatch,Fashion,2853,5,146,2710.35,445.65839072133696,395711.1
P-408,T-shirt,Electronics,5567,0,133,5567.0,1064.5834307480395,740411.0
P-409,Monitor,Books,3964,0,156,3964.0,481.8750889986919,618384.0
P-410,Mixer,Fashion,3077,0,275,3077.0,464.16455148092086,846175.0
P-411,Shoes,Books,5675,0,103,5675.0,580.1196239868133,584525.0
P-412,Bag,Sports,5583,0,226,5583.0,920.5714261948741,1261758.0
P-413,Lipstick,Sports,241,15,78,204.85,21.14483515602551,15978.3
P-414,Mixer,Sports,4136,5,298,3929.2,469.1805057830173,1170901.5999999999
P-415,Monitor,Books,4701,20,218,3760.8,1112.469537878523,819854.4
P-416,Mixer,Fashion,3674,5,134,3490.2999999999997,964.511607150097,467700.19999999995
P-417,T-shirt,Sports,5636,15,213,4790.599999999999,1271.2923728273158,1020397.7999999999
P-418,Tennis Racket,Electronics,3556,15,36,3022.6,386.74761938512717,108813.59999999999
P-419,Earbuds,Beauty,662,5,227,628.9,150.75886827007125,142760.3
P-420,Bag,Sports,3082,15,68,2619.7,354.70724678203135,178139.59999999998
P-421,Tennis Racket,Sports,4955,0,107,4955.0,1001.6323633741238,530185.0
P-422,Monitor,Electronics,3233,10,147,2909.7000000000003,651.4627525967798,427725.9
P-423,Smartwatch,Electronics,1219,10,284,1097.1000000000001,314.4300945529572,311576.4
P-424,Smartwatch,Sports,2157,10,231,1941.3,249.73861108640472,448440.3
P-425,Novel,Fashion,2808,0,214,2808.0,504.4400306301283,600912.0
P-426,T-shirt,Home,4357,20,131,3485.6000000000004,403.1081095011848,456613.60000000003
P-427,Earbuds,Books,2433,10,185,2189.7000000000003,606.3953586691681,405094.50000000006
P-428,Lipstick,Home,658,15,142,559.3,81.74130103189776,79420.59999999999
P-429,Earbuds,Fashion,3258,0,56,3258.0,639.8095063732252,182448.0
P-430,Monitor,Electronics,261,20,10,208.8,23.293375338493334,2088.0
P-431,Bag,Home,3079,0,217,3079.0,702.7492924986508,668143.0
P-432,T-shirt,Beauty,1237,0,300,1237.0,286.73502719393036,371100.0
P-433,T-shirt,Home,3789,0,44,3789.0,705.672043454396,166716.0
P-434,Tennis Racket,Fashion,3440,10,60,3096.0,776.5053805342774,185760.0
P-435,Novel,Fashion,588,5,127,558.6,91.22512715555072,70942.2
P-436,Lipstick,Sports,5392,10,90,4852.8,732.9492304114585,436752.0
P-437,Bag,Books,4236,5,170,4024.2,668.0781460368821,684114.0
P-438,Mixer,Beauty,4207,15,192,3575.95,787.4104375725003,686582.3999999999
P-439,Smartwatch,Fashion,3030,0,55,3030.0,710.9573979043591,166650.0
P-440,Earbuds,Electronics,1213,15,21,1031.05,151.11879186349583,21652.05
P-441,Tennis Racket,Electronics,4332,10,123,3898.8,994.7104373153958,479552.4
P-442,Mixer,Fashion,1511,10,241,1359.9,173.27768682627126,327735.9
P-443,Monitor,Fashion,5047,0,89,5047.0,578.2705419129754,449183.0
P-444,T-shirt,Books,1311,0,24,1311.0,210.04702754332018,31464.0
P-445,Shoes,Beauty,5480,5,17,5206.0,718.2705316944961,88502.0
P-446,Shoes,Home,4374,20,245,3499.2000000000003,619.8903556100216,857304.0000000001
P-447,T-shirt,Home,4199,20,52,3359.2000000000003,788.8065865052836,174678.40000000002
P-448,Novel,Books,5742,15,144,4880.7,579.8998377134187,702820.7999999999
P-449,Lipstick,Home,4999,20,89,3999.2000000000003,1128.775283954469,355928.80000000005
P-450,Tennis Racket,Books,296,10,21,266.40000000000003,42.20595345832506,5594.400000000001
P-451,Bag,Sports,3538,0,52,3538.0,782.6965928071922,183976.0
P-452,Lipstick,Electronics,2493,15,140,2119.0499999999997,394.1275040597977,296666.99999999994
P-453,Tennis Racket,Electronics,1286,5,219,1221.7,324.13332266875,267552.3
P-454,Bag,Books,1593,5,69,1513.35,154.08640015643252,104421.15
P-455,Novel,Books,5779,15,170,4912.15,751.3286316792144,835065.4999999999
P-456,Earbuds,Home,1129,10,133,1016.1,146.62748768491753,135141.30000000002
P-457,Mixer,Electronics,936,5,157,889.1999999999999,187.53655285724818,139604.4
P-458,Bag,Electronics,2128,10,44,1915.2,208.3232304795565,84268.8
P-459,Monitor,Home,323,15,143,274.55,39.31242415813134,39260.65
P-460,Monitor,Fashion,5515,0,121,5515.0,912.3992635692988,667315.0
P-461,Lipstick,Home,3597,15,62,3057.45,760.9993446551048,189561.9
P-462,Tennis Racket,Electronics,5230,15,184,4445.5,984.2072281877797,817972.0
P-463,Mixer,Home,487,10,273,438.3,123.05042144529922,119655.90000000001
P-464,Novel,Beauty,2884,15,114,2451.4,319.92395598493783,279459.60000000003
P-465,Smartwatch,Fashion,2814,0,136,2814.0,719.7593973931881,382704.0
P-466,Shoes,Fashion,2080,5,146,1976.0,537.6635498626339,288496.0
P-467,T-shirt,Beauty,4740,20,210,3792.0,477.53647377641136,796320.0
P-468,Earbuds,Electronics,2603,20,112,2082.4,419.33978895195855,233228.80000000002
P-469,Mixer,Electronics,2027,15,253,1722.95,406.61647884715956,435906.35000000003
P-470,Earbuds,Electronics,1026,0,169,1026.0,265.08052361646924,173394.0
P-471,Novel,Beauty,331,20,129,264.8,41.90612979828823,34159.200000000004
P-472,Tennis Racket,Beauty,4566,5,159,4337.7,459.7385956086534,689694.2999999999
P-473,Shoes,Fashion,2185,10,187,1966.5,327.66181026415444,367735.5
P-474,Lipstick,Fashion,1802,5,154,1711.8999999999999,249.6037089945636,263632.6
P-475,Shoes,Beauty,5059,10,294,4553.1,882.3799643651504,1338611.4000000001
P-476,Tennis Racket,Sports,3589,0,104,3589.0,391.9743381299235,373256.0
P-477,Tennis Racket,Electronics,4445,5,251,4222.75,523.8119298408575,1059910.25
P-478,Shoes,Fashion,4247,0,294,4247.0,575.6679863893331,1248618.0
P-479,Novel,Home,2628,10,253,2365.2000000000003,469.0131266328493,598395.6000000001
P-480,Tennis Racket,Books,2850,20,252,2280.0,290.68550510151647,574560.0
P-481,Tennis Racket,Fashion,3121,0,83,3121.0,693.3105590982177,259043.0
P-482,Monitor,Home,3682,0,125,3682.0,768.1706329733161,460250.0
P-483,Earbuds,Books,4511,0,190,4511.0,995.7927995459564,857090.0
P-484,Mixer,Books,4856,10,286,4370.400000000001,881.5687041240271,1249934.4000000001
P-485,Novel,Books,5382,20,278,4305.6,907.5832869671812,1196956.8
P-486,Novel,Electronics,3638,5,172,3456.1,519.5046744979163,594449.2
P-487,Monitor,Electronics,1204,5,261,1143.8,160.6694946286932,298531.8
P-488,Mixer,Beauty,801,10,73,720.9,184.69437815276243,52625.7
P-489,Mixer,Home,2801,0,96,2801.0,685.1324129946915,268896.0
P-490,Novel,Beauty,4322,20,69,3457.6000000000004,927.9891136871206,238574.40000000002
P-491,Earbuds,Beauty,1304,10,106,1173.6000000000001,208.2401879774918,124401.60000000002
P-492,T-shirt,Home,1394,15,281,1184.8999999999999,310.7716879281509,332956.89999999997
P-493,Bag,Electronics,4850,0,284,4850.0,1144.8313026764429,1377400.0
P-494,Earbuds,Books,2859,5,260,2716.0499999999997,766.177861114407,706172.9999999999
P-495,Novel,Sports,5211,5,158,4950.45,580.5558059764955,782171.1
P-496,T-shirt,Home,460,0,236,460.0,117.48974731112268,108560.0
P-497,Novel,Fashion,4246,5,108,4033.7,766.5105990290733,435639.6
P-498,T-shirt,Sports,5232,5,49,4970.4,536.2997186260476,243549.59999999998
P-499,Monitor,Sports,5015,10,176,4513.5,790.2726909863236,794376.0
P-500,Smartwatch,Books,5033,20,208,4026.4,801.9417824002401,837491.2000000001
P-501,T-shirt,Books,297,10,266,267.3,44.31201950265965,71101.8
P-502,Lipstick,Sports,3039,15,173,2583.15,535.6320761350951,446884.95
P-503,Earbuds,Books,5471,20,154,4376.8,1296.327552514908,674027.2000000001
P-504,Bag,Electronics,5551,20,274,4440.8,897.6376485111277,1216779.2
P-505,Tennis Racket,Electronics,3042,10,131,2737.8,705.55194428963,358651.80000000005
P-506,Bag,Fashion,4115,20,265,3292.0,483.5374819522677,872380.0
P-507,Lipstick,Books,2316,10,123,2084.4,237.87173406754437,256381.2
P-508,Novel,Electronics,3316,10,36,2984.4,326.52458592936233,107438.40000000001
P-509,Monitor,Books,3801,10,34,3420.9,605.4035276854095,116310.6
P-510,Earbuds,Fashion,3136,5,177,2979.2,887.9960921900187,527318.4
P-511,Novel,Beauty,2560,5,289,2432.0,724.2541436718645,702848.0
P-512,Lipstick,Books,2320,10,89,2088.0,508.7270286139632,185832.0
P-513,T-shirt,Beauty,1852,20,133,1481.6000000000001,245.7072621578007,197052.80000000002
P-514,Monitor,Books,2969,10,210,2672.1,651.8719999246126,561141.0
P-515,Monitor,Sports,2906,0,184,2906.0,552.4957666090306,534704.0
P-516,Earbuds,Beauty,4977,15,23,4230.45,715.5313367924688,97300.34999999999
P-517,T-shirt,Electronics,4835,0,32,4835.0,1029.913562829516,154720.0
P-518,Smartwatch,Books,2767,10,91,2490.3,457.8767420685546,226617.30000000002
P-519,Earbuds,Fashion,3295,15,206,2800.75,385.04315226208064,576954.5
P-520,Tennis Racket,Sports,4179,20,18,3343.2000000000003,934.4890963198574,60177.600000000006
P-521,Tennis Racket,Electronics,2326,5,288,2209.7,511.1084862992591,636393.6
P-522,Smartwatch,Home,4360,20,164,3488.0,794.3271648404867,572032.0
P-523,Novel,Sports,2756,15,181,2342.6,303.64512948990495,424010.6
P-524,Bag,Sports,1551,10,213,1395.9,312.9662708410955,297326.7
P-525,Tennis Racket,Home,5860,10,72,5274.0,967.0280548326074,379728.0
P-526,Smartwatch,Books,5840,0,236,5840.0,1022.3662301660922,1378240.0
P-527,Bag,Home,5949,10,112,5354.1,1101.5042005857513,599659.2000000001
P-528,Lipstick,Books,1565,0,20,1565.0,451.8535440559559,31300.0
P-529,T-shirt,Books,500,0,56,500.0,106.95527392334539,28000.0
P-530,Shoes,Beauty,4483,5,234,4258.849999999999,1262.926489984369,996570.8999999999
P-531,T-shirt,Fashion,4414,0,292,4414.0,1114.0106697650203,1288888.0
P-532,Novel,Sports,701,10,68,630.9,94.70781961949504,42901.2
P-533,Shoes,Books,3604,5,144,3423.7999999999997,382.4246659971389,493027.19999999995
P-534,Shoes,Beauty,1199,10,35,1079.1000000000001,261.5891693971528,37768.50000000001
P-535,T-shirt,Electronics,4537,20,132,3629.6000000000004,731.7699831697528,479107.20000000007
P-536,Lipstick,Fashion,1858,10,111,1672.2,435.71049730963784,185614.2
P-537,Tennis Racket,Books,441,0,31,441.0,108.15231996475057,13671.0
P-538,Earbuds,Electronics,1792,0,161,1792.0,353.2887656901652,288512.0
P-539,Tennis Racket,Home,4662,10,128,4195.8,459.314971702456,537062.4
P-540,Novel,Fashion,4112,5,270,3906.3999999999996,510.9918435113883,1054728.0
P-541,Earbuds,Sports,358,0,145,358.0,56.2949982922861,51910.0
P-542,Monitor,Home,5407,0,70,5407.0,1032.9882980304446,378490.0
P-543,Novel,Books,3358,15,148,2854.2999999999997,755.5758903613016,422436.39999999997
P-544,Lipstick,Home,3064,10,142,2757.6,502.4796721985225,391579.2
P-545,Shoes,Beauty,2428,15,230,2063.7999999999997,266.96636783924254,474673.99999999994
P-546,Tennis Racket,Electronics,2799,0,94,2799.0,549.0606090840288,263106.0
P-547,Monitor,Home,3897,0,137,3897.0,786.3190844939336,533889.0
P-548,T-shirt,Books,1833,20,77,1466.4,377.9895676687122,112912.8
P-549,Novel,Fashion,2748,15,109,2335.7999999999997,361.01370443439816,254602.19999999998
P-550,Novel,Electronics,1604,10,227,1443.6000000000001,306.64808536042835,327697.2
P-551,Mixer,Beauty,997,0,56,997.0,139.54346139251012,55832.0
P-552,Lipstick,Beauty,989,0,269,989.0,277.37071620611175,266041.0
P-553,Lipstick,Books,1006,15,294,855.1,206.42035215238974,251399.4
P-554,Shoes,Home,1560,5,167,1482.0,199.18426011899197,247494.0
P-555,Novel,Sports,5396,5,252,5126.2,1499.018709848802,1291802.4
P-556,T-shirt,Books,1487,20,91,1189.6000000000001,251.12788258825515,108253.6
P-557,Mixer,Electronics,4731,0,142,4731.0,686.5612835729713,671802.0
P-558,Smartwatch,Beauty,1373,5,289,1304.35,264.14911723588125,376957.14999999997
P-559,T-shirt,Fashion,939,20,280,751.2,155.9085288808939,210336.0
P-560,Monitor,Books,2086,20,246,1668.8000000000002,321.7670158062784,410524.80000000005
P-561,Earbuds,Home,4854,0,277,4854.0,1416.4277876471326,1344558.0
P-562,Lipstick,Fashion,4142,10,186,3727.8,479.30366204316505,693370.8
P-563,Lipstick,Fashion,4380,10,204,3942.0,402.0463898779969,804168.0
P-564,Tennis Racket,Electronics,4350,10,24,3915.0,957.2420876722078,93960.0
P-565,Smartwatch,Electronics,3609,15,114,3067.65,832.9823383383631,349712.10000000003
P-566,Monitor,Home,2689,20,63,2151.2000000000003,286.315166523827,135525.6
P-567,Smartwatch,Fashion,4293,5,99,4078.35,1059.1235260747526,403756.64999999997
P-568,Smartwatch,Fashion,351,10,236,315.90000000000003,87.6877490039921,74552.40000000001
P-569,Smartwatch,Beauty,849,20,91,679.2,104.08861076506875,61807.200000000004
P-570,T-shirt,Home,2243,0,180,2243.0,541.3143846189932,403740.0
P-571,Monitor,Beauty,1895,20,179,1516.0,266.4954344026418,271364.0
P-572,Earbuds,Fashion,3461,5,94,3287.95,541.3613731754749,309067.3
P-573,Mixer,Home,2605,0,17,2605.0,578.8407815429056,44285.0
P-574,Novel,Beauty,452,20,292,361.6,81.34006441053866,105587.20000000001
P-575,Bag,Electronics,3072,0,42,3072.0,622.4349127511366,129024.0
P-576,Earbuds,Books,2392,15,69,2033.2,258.54082921248556,140290.80000000002
P-577,Monitor,Home,4628,20,260,3702.4,613.3392970604675,962624.0
P-578,Bag,Home,1260,20,243,1008.0,218.83108442157544,244944.0
P-579,Novel,Beauty,2801,20,146,2240.8,252.81451205121874,327156.80000000005
P-580,Mixer,Books,3715,5,212,3529.25,487.1494938303274,748201.0
P-581,Mixer,Fashion,1624,20,112,1299.2,348.31072034383124,145510.4
P-582,Tennis Racket,Fashion,3597,5,149,3417.1499999999996,564.1385594236926,509155.3499999999
P-583,Earbuds,Electronics,4007,10,40,3606.3,415.14711646984426,144252.0
P-584,Earbuds,Electronics,4372,0,126,4372.0,463.2999198226664,550872.0
P-585,Smartwatch,Sports,3800,10,266,3420.0,750.1404540919643,909720.0
P-586,Novel,Sports,3939,15,237,3348.15,836.235300331598,793511.55
P-587,Shoes,Beauty,3124,20,49,2499.2000000000003,624.7889656551587,122460.80000000002
P-588,Earbuds,Electronics,4570,0,164,4570.0,930.8727572828662,749480.0
P-589,Tennis Racket,Home,1860,20,48,1488.0,249.6797540719926,71424.0
P-590,Novel,Sports,4212,5,38,4001.3999999999996,961.2107341130568,152053.19999999998
P-591,Mixer,Fashion,4125,10,113,3712.5,447.60956004346133,419512.5
P-592,Novel,Home,5504,5,241,5228.8,701.5237284741952,1260140.8
P-593,Tennis Racket,Beauty,5677,0,87,5677.0,1045.4453755440659,493899.0
P-594,Tennis Racket,Books,5449,0,217,5449.0,989.5305970621646,1182433.0
P-595,Novel,Home,3186,5,257,3026.7,409.0333226607827,777861.8999999999
P-596,Lipstick,Books,1772,0,124,1772.0,412.78705967682237,219728.0
P-597,T-shirt,Electronics,3027,15,298,2572.95,417.6666498393899,766739.1
P-598,Shoes,Sports,1879,15,247,1597.1499999999999,264.432809295309,394496.05
P-599,T-shirt,Books,2209,15,270,1877.6499999999999,410.54351227082327,506965.49999999994
P-600,Smartwatch,Electronics,2629,20,214,2103.2000000000003,607.4494013684744,450084.80000000005
P-601,T-shirt,Sports,2046,15,69,1739.1,241.34483202272307,119997.9
P-602,Smartwatch,Books,2896,15,16,2461.6,306.5682435099977,39385.6
P-603,Novel,Home,4736,0,27,4736.0,1000.9411877262188,127872.0
P-604,Monitor,Fashion,5844,20,220,4675.2,1063.6986729457162,1028544.0
P-605,Earbuds,Beauty,5083,10,143,4574.7,555.7326336571027,654182.1
P-606,Earbuds,Home,4213,0,151,4213.0,871.9330683943605,636163.0
P-607,Lipstick,Electronics,2993,5,215,2843.35,678.3716658587227,611320.25
P-608,Monitor,Books,5253,15,126,4465.05,753.776967971475,562596.3
P-609,Novel,Books,5419,20,77,4335.2,1248.2249692676312,333810.39999999997
P-610,Smartwatch,Electronics,241,20,151,192.8,27.09374501868559,29112.800000000003
P-611,Monitor,Home,2011,0,118,2011.0,495.12229620779794,237298.0
P-612,Earbuds,Books,1709,10,75,1538.1000000000001,308.5087647643741,115357.50000000001
P-613,Novel,Electronics,4542,15,99,3860.7,432.8424592115283,382209.3
P-614,Novel,Sports,4753,15,158,4040.0499999999997,1050.5933652631056,638327.8999999999
P-615,Lipstick,Electronics,1867,10,268,1680.3,218.70003899637152,450320.39999999997
P-616,Tennis Racket,Sports,3884,15,128,3301.4,397.9283504266707,422579.2
P-617,Novel,Home,2281,15,218,1938.85,398.91117211037846,422669.3
P-618,Smartwatch,Books,4459,0,216,4459.0,883.2044870575738,963144.0
P-619,T-shirt,Sports,4726,20,197,3780.8,459.61613871172005,744817.6000000001
P-620,Smartwatch,Sports,5592,5,225,5312.4,724.0445569573399,1195290.0
P-621,Smartwatch,Fashion,5160,10,169,4644.0,810.6448234240582,784836.0
P-622,Smartwatch,Beauty,849,10,188,764.1,89.1488124576964,143650.80000000002
P-623,Smartwatch,Beauty,1863,5,224,1769.85,276.1788372968796,396446.39999999997
P-624,Tennis Racket,Electronics,337,20,104,269.6,50.95708564093885,28038.4
P-625,Novel,Electronics,2681,15,199,2278.85,462.7578776829148,453491.14999999997
P-626,Smartwatch,Fashion,2325,10,82,2092.5,594.3163595791802,171585.0
P-627,T-shirt,Electronics,5139,15,244,4368.15,894.1403349674126,1065828.5999999999
P-628,T-shirt,Electronics,5746,10,120,5171.400000000001,791.938389342137,620568.0000000001
P-629,Earbuds,Sports,2631,10,69,2367.9,534.274533206651,163385.1
P-630,Mixer,Beauty,2816,0,50,2816.0,665.0500076330725,140800.0
P-631,Bag,Sports,5768,5,219,5479.599999999999,1049.9732472774238,1200032.4
P-632,Earbuds,Electronics,1155,15,152,981.75,204.02514926883515,149226.0
P-633,Tennis Racket,Home,4349,0,110,4349.0,552.3189917608724,478390.0
P-634,Tennis Racket,Fashion,1851,15,14,1573.35,417.61263539339865,22026.899999999998
P-635,Bag,Beauty,2622,5,154,2490.9,565.6005179886058,383598.60000000003
P-636,Bag,Electronics,2673,15,12,2272.0499999999997,340.0470068754619,27264.6
P-637,Earbuds,Sports,1626,10,132,1463.4,243.74025603576436,193168.80000000002
P-638,Novel,Sports,1955,5,203,1857.25,223.02531637719608,377021.75
P-639,Mixer,Electronics,4159,20,69,3327.2000000000003,978.03948946615,229576.80000000002
P-640,Smartwatch,Home,2082,20,89,1665.6000000000001,349.36582821086864,148238.40000000002
P-641,Mixer,Sports,5100,20,55,4080.0,495.2518974334861,224400.0
P-642,T-shirt,Electronics,1385,20,230,1108.0,128.09124482922783,254840.0
P-643,Tennis Racket,Home,472,20,237,377.6,88.84415955673397,89491.20000000001
P-644,T-shirt,Books,2720,20,109,2176.0,223.34662691405583,237184.0
P-645,Shoes,Home,5010,10,49,4509.0,1049.03499815146,220941.0
P-646,T-shirt,Sports,4182,5,248,3972.8999999999996,507.06623334088135,985279.2
P-647,Mixer,Sports,3470,10,297,3123.0,460.39304316615295,927531.0
P-648,Tennis Racket,Sports,4307,10,81,3876.3,1061.3625021271378,313980.3
P-649,Shoes,Beauty,3291,20,137,2632.8,350.84753589262783,360693.60000000003
P-650,Monitor,Sports,4942,20,282,3953.6000000000004,533.6256435554081,1114915.2000000002
P-651,Smartwatch,Sports,4074,5,13,3870.2999999999997,745.4329692881456,50313.899999999994
P-652,Smartwatch,Sports,1689,0,109,1689.0,299.51709954723214,184101.0
P-653,Novel,Sports,1156,10,199,1040.4,194.20125452643936,207039.6
P-654,Tennis Racket,Home,1907,15,91,1620.95,412.57761228491876,147506.45
P-655,Mixer,Books,4846,15,162,4119.099999999999,1185.683759681489,667294.2
P-656,Mixer,Fashion,5301,5,289,5035.95,846.1286093887076,1455389.55
P-657,Bag,Sports,5851,20,26,4680.8,934.0511142199023,121700.8
P-658,Novel,Electronics,3231,5,93,3069.45,384.334935809345,285458.85
P-659,Monitor,Beauty,4057,5,227,3854.1499999999996,516.7601836883275,874892.0499999999
P-660,Lipstick,Books,5003,15,257,4252.55,1080.3870719341628,1092905.35
P-661,Smartwatch,Sports,257,10,211,231.3,58.986927696034286,48804.3
P-662,Tennis Racket,Home,4621,0,272,4621.0,529.098613922067,1256912.0
P-663,Novel,Beauty,391,15,208,332.34999999999997,73.8348381906636,69128.79999999999
P-664,Bag,Fashion,4880,10,102,4392.0,1306.2212975233988,447984.0
P-665,Novel,Sports,5895,15,90,5010.75,1243.4234002191376,450967.5
P-666,T-shirt,Beauty,5805,15,158,4934.25,1477.2058590552467,779611.5
P-667,T-shirt,Electronics,1952,20,221,1561.6000000000001,255.22589055331648,345113.60000000003
P-668,Mixer,Books,1043,0,182,1043.0,236.2729687380777,189826.0
P-669,Shoes,Fashion,3307,0,128,3307.0,697.6458436625082,423296.0
P-670,Smartwatch,Books,5965,10,195,5368.5,1066.5710959667917,1046857.5
P-671,Earbuds,Fashion,586,20,251,468.8,117.50475075425229,117668.8
P-672,T-shirt,Beauty,3898,20,136,3118.4,400.4763336411871,424102.4
P-673,Lipstick,Electronics,5467,10,262,4920.3,1080.4141879060414,1289118.6
P-674,Shoes,Home,3582,0,180,3582.0,787.3921085361605,644760.0
P-675,Monitor,Fashion,4875,5,27,4631.25,1139.8842867862156,125043.75
P-676,Novel,Sports,3185,20,295,2548.0,444.56990221198055,751660.0
P-677,Tennis Racket,Electronics,5644,15,69,4797.4,702.5037444814633,331020.6
P-678,Bag,Electronics,296,10,136,266.40000000000003,54.2492685023753,36230.4
P-679,Mixer,Books,2865,20,296,2292.0,585.4353881931895,678432.0
P-680,Smartwatch,Fashion,1506,5,117,1430.7,354.4872281271652,167391.9
P-681,Tennis Racket,Electronics,3524,5,15,3347.7999999999997,411.9403732994834,50216.99999999999
P-682,Smartwatch,Sports,3413,15,28,2901.0499999999997,497.69105513360506,81229.4
P-683,T-shirt,Fashion,1527,15,48,1297.95,340.8823575638465,62301.600000000006
P-684,Mixer,Beauty,5690,5,26,5405.5,1338.353495993678,140543.0
P-685,Bag,Fashion,5645,5,36,5362.75,654.5530129985984,193059.0
P-686,Monitor,Home,3389,20,259,2711.2000000000003,438.8690991237458,702200.8
P-687,Bag,Home,2584,5,108,2454.7999999999997,386.4363870080101,265118.39999999997
P-688,Tennis Racket,Sports,4078,15,66,3466.2999999999997,525.2967115303329,228775.8
P-689,Bag,Fashion,1004,10,268,903.6,137.1109118454382,242164.80000000002
P-690,Monitor,Home,3417,10,169,3075.3,559.8270118268101,519725.7
P-691,Smartwatch,Beauty,4247,5,270,4034.6499999999996,490.2821913512487,1089355.5
P-692,Bag,Beauty,1346,0,288,1346.0,170.71650430617038,387648.0
P-693,Earbuds,Beauty,2162,20,27,1729.6000000000001,480.2580004465915,46699.200000000004
P-694,Earbuds,Electronics,494,20,74,395.20000000000005,93.73601736245229,29244.800000000003
P-695,Lipstick,Fashion,2260,10,135,2034.0,278.16201138082687,274590.0
P-696,Smartwatch,Home,2624,0,213,2624.0,742.9328769859152,558912.0
P-697,Lipstick,Electronics,3070,0,74,3070.0,772.9907248652265,227180.0
P-698,Smartwatch,Home,2695,0,190,2695.0,320.13918609041696,512050.0
P-699,Bag,Books,5215,15,11,4432.75,1272.01062399181,48760.25
P-700,T-shirt,Books,1544,0,116,1544.0,384.66290344226996,179104.0
P-701,Shoes,Fashion,4314,10,161,3882.6,859.0675744097629,625098.6
P-702,Lipstick,Books,4728,15,14,4018.7999999999997,476.5175857404067,56263.2
P-703,T-shirt,Electronics,741,20,271,592.8000000000001,65.54776459048446,160648.80000000002
P-704,Lipstick,Sports,485,20,27,388.0,111.55680898869937,10476.0
P-705,Smartwatch,Books,748,0,131,748.0,212.50106472732514,97988.0
P-706,Earbuds,Sports,4355,15,103,3701.75,1046.7868673856642,381280.25
P-707,Monitor,Beauty,4017,15,184,3414.45,715.5151310274296,628258.7999999999
P-708,Smartwatch,Electronics,1419,10,61,1277.1000000000001,191.7530508780322,77903.1
P-709,T-shirt,Electronics,622,0,191,622.0,117.92972624000062,118802.0
P-710,Mixer,Home,1745,5,208,1657.75,429.91074390111373,344812.0
P-711,Tennis Racket,Books,2090,20,225,1672.0,478.2633445880103,376200.0
P-712,Lipstick,Sports,718,15,47,610.3,114.17543857822102,28684.1
P-713,Earbuds,Books,4333,15,296,3683.0499999999997,942.1992847620309,1090182.7999999998
P-714,T-shirt,Books,529,5,75,502.54999999999995,85.1578946795914,37691.25
P-715,Monitor,Beauty,3726,20,39,2980.8,389.8699385749408,116251.20000000001
P-716,Bag,Home,3719,0,142,3719.0,537.0624821447483,528098.0
P-717,Lipstick,Sports,1232,0,261,1232.0,266.4137436302435,321552.0
P-718,T-shirt,Electronics,2997,0,225,2997.0,459.56317098435534,674325.0
P-719,Smartwatch,Beauty,4100,20,188,3280.0,967.4091471459686,616640.0
P-720,Mixer,Electronics,4515,0,39,4515.0,1163.8269236446388,176085.0
P-721,Smartwatch,Beauty,2732,15,17,2322.2,582.5539176266311,39477.399999999994
P-722,Mixer,Fashion,3516,10,59,3164.4,805.3621249358142,186699.6
P-723,Monitor,Fashion,5301,20,118,4240.8,1222.6780528154598,500414.4
P-724,Earbuds,Sports,2805,20,23,2244.0,476.38386497959283,51612.0
P-725,T-shirt,Sports,4959,20,159,3967.2000000000003,769.047919138929,630784.8
P-726,Novel,Beauty,799,10,75,719.1,194.1495921540192,53932.5
P-727,Lipstick,Electronics,4989,5,290,4739.55,725.1916827434497,1374469.5
P-728,Earbuds,Fashion,1305,20,32,1044.0,127.37487047001977,33408.0
P-729,Shoes,Books,3744,0,95,3744.0,879.6372113504158,355680.0
P-730,Lipstick,Sports,1541,15,89,1309.85,280.25984845353963,116576.65
P-731,Bag,Fashion,1629,0,290,1629.0,195.80132102867077,472410.0
P-732,Tennis Racket,Books,1209,20,29,967.2,288.92089239521897,28048.800000000003
P-733,Tennis Racket,Sports,4984,5,207,4734.8,1104.5978541846862,980103.6000000001
P-734,T-shirt,Books,5920,15,78,5032.0,1007.5302320329554,392496.0
P-735,Lipstick,Sports,3255,10,182,2929.5,393.108378985358,533169.0
P-736,T-shirt,Home,3038,10,57,2734.2000000000003,805.6483812487891,155849.40000000002
P-737,Lipstick,Fashion,2548,5,41,2420.6,385.5805521366921,99244.59999999999
P-738,Tennis Racket,Beauty,3755,10,56,3379.5,628.9043935773826,189252.0
P-739,Novel,Books,2858,5,241,2715.1,801.1047869395635,654339.1
P-740,Bag,Home,4699,10,148,4229.1,514.608957533157,625906.8
P-741,Shoes,Beauty,3004,20,199,2403.2000000000003,682.6813729763579,478236.80000000005
P-742,Monitor,Home,3692,15,167,3138.2,646.4790959104866,524079.39999999997
P-743,Monitor,Home,4242,5,123,4029.8999999999996,880.3755104884967,495677.69999999995
P-744,Smartwatch,Beauty,3919,20,123,3135.2000000000003,593.9317687298435,385629.60000000003
P-745,Mixer,Fashion,1208,5,193,1147.6,306.7190190716821,221486.8
P-746,Smartwatch,Electronics,5537,15,298,4706.45,1125.0427505784464,1402522.0999999999
P-747,Bag,Home,468,20,285,374.40000000000003,44.833203544738126,106704.00000000001
P-748,T-shirt,Sports,3092,0,136,3092.0,630.9415221973177,420512.0
P-749,Smartwatch,Sports,4908,10,18,4417.2,1134.7373399299383,79509.59999999999
P-750,Lipstick,Beauty,4018,0,233,4018.0,595.4116907738584,936194.0
P-751,Earbuds,Books,1107,0,75,1107.0,199.5746955755013,83025.0
P-752,Bag,Beauty,5464,0,169,5464.0,1230.1469949375091,923416.0
P-753,Monitor,Fashion,564,15,60,479.4,51.48075680366898,28764.0
P-754,Bag,Fashion,993,20,15,794.4000000000001,83.75631873476493,11916.000000000002
P-755,Lipstick,Electronics,4895,10,28,4405.5,994.4203156594021,123354.0
P-756,Bag,Beauty,1570,0,198,1570.0,402.45592515662497,310860.0
P-757,Bag,Electronics,1877,10,227,1689.3,454.04543175613344,383471.1
P-758,Shoes,Electronics,666,15,283,566.1,137.97279488489252,160206.30000000002
P-759,Shoes,Fashion,5704,15,29,4848.4,748.6308978184463,140603.59999999998
P-760,T-shirt,Sports,2880,20,42,2304.0,246.92999865993613,96768.0
P-761,Earbuds,Fashion,3941,10,207,3546.9,967.172513521597,734208.3
P-762,Monitor,Electronics,2937,5,71,2790.15,716.2497812609026,198100.65
P-763,T-shirt,Beauty,4425,5,121,4203.75,1050.9824124691297,508653.75
P-764,Shoes,Home,4139,5,74,3932.0499999999997,951.089121782409,290971.69999999995
P-765,Bag,Fashion,1875,0,290,1875.0,244.01180207321028,543750.0
P-766,Smartwatch,Fashion,1806,5,266,1715.6999999999998,196.31351552089842,456376.19999999995
P-767,Shoes,Home,1101,20,245,880.8000000000001,242.74004694853886,215796.00000000003
P-768,T-shirt,Electronics,209,10,131,188.1,19.95971506136307,24641.1
P-769,Smartwatch,Beauty,4035,10,86,3631.5,427.8386113037985,312309.0
P-770,Earbuds,Electronics,3415,20,170,2732.0,285.96937349692126,464440.0
P-771,Smartwatch,Electronics,5687,5,180,5402.65,1234.2279714355311,972476.9999999999
P-772,Lipstick,Home,1459,5,232,1386.05,343.0114556862755,321563.6
P-773,Monitor,Fashion,353,15,294,300.05,36.77540988892027,88214.7
P-774,Earbuds,Home,5072,0,268,5072.0,1112.0586659171597,1359296.0
P-775,Monitor,Beauty,5758,15,237,4894.3,838.6126112412995,1159949.1
P-776,Monitor,Sports,1253,10,86,1127.7,117.08718895322657,96982.2
P-777,Mixer,Home,3991,20,188,3192.8,563.4759244925699,600246.4
P-778,Tennis Racket,Home,4901,5,288,4655.95,748.5299253140003,1340913.5999999999
P-779,Novel,Home,393,20,239,314.40000000000003,82.10263302101734,75141.6
P-780,Earbuds,Books,3241,15,140,2754.85,456.182789786354,385679.0
P-781,Smartwatch,Electronics,1430,20,269,1144.0,290.6107073792584,307736.0
P-782,Lipstick,Electronics,4199,5,169,3989.0499999999997,1181.9346882719185,674149.45
P-783,T-shirt,Home,3629,15,23,3084.65,619.8352117188833,70946.95
P-784,Tennis Racket,Home,2089,20,31,1671.2,303.4064501216126,51807.200000000004
P-785,Bag,Books,3359,20,161,2687.2000000000003,473.65816349721007,432639.20000000007
P-786,Tennis Racket,Fashion,4639,5,124,4407.05,983.8332075473417,546474.2000000001
P-787,Tennis Racket,Beauty,5685,15,242,4832.25,520.050672439794,1169404.5
P-788,Novel,Electronics,4687,15,212,3983.95,456.0879968000533,844597.3999999999
P-789,Lipstick,Sports,4437,0,237,4437.0,504.6368655269251,1051569.0
P-790,T-shirt,Home,4604,10,132,4143.6,1065.4990564176894,546955.2000000001
P-791,Bag,Home,295,10,59,265.5,74.32858129200687,15664.5
P-792,Smartwatch,Books,989,10,40,890.1,260.6253879405511,35604.0
P-793,Tennis Racket,Fashion,2385,15,249,2027.25,282.1796873127172,504785.25
P-794,Novel,Sports,4835,5,160,4593.25,1346.540580766476,734920.0
P-795,Smartwatch,Sports,5896,0,267,5896.0,1091.264229347055,1574232.0
P-796,Tennis Racket,Home,1336,10,25,1202.4,153.4666866520766,30060.000000000004
P-797,Shoes,Electronics,1251,15,215,1063.35,205.93667757372322,228620.24999999997
P-798,Earbuds,Fashion,1337,0,238,1337.0,342.6640738035012,318206.0
P-799,Smartwatch,Beauty,1733,5,93,1646.35,460.1370730608497,153110.55
P-800,Lipstick,Sports,1167,20,91,933.6,121.17899791156927,84957.6
P-801,Monitor,Home,1760,5,108,1672.0,228.47155679919896,180576.0
P-802,Shoes,Beauty,2331,20,28,1864.8000000000002,397.6407985130042,52214.40000000001
P-803,Novel,Books,1569,0,213,1569.0,251.5928069939421,334197.0
P-804,Bag,Books,2637,10,278,2373.3,516.6894018940058,659777.4
P-805,T-shirt,Fashion,4234,15,73,3598.9,542.529321416485,262719.7
P-806,Novel,Home,2823,15,277,2399.5499999999997,613.7933455480803,664675.35
P-807,Smartwatch,Fashion,5329,20,31,4263.2,990.4331124596347,132159.19999999998
P-808,Monitor,Sports,2832,10,292,2548.8,616.6827183078855,744249.6000000001
P-809,Mixer,Home,327,0,82,327.0,92.28232187302746,26814.0
P-810,Shoes,Home,5774,15,149,4907.9,1394.6834231942491,731277.1
P-811,Tennis Racket,Beauty,2051,0,45,2051.0,263.4868066750658,92295.0
P-812,Smartwatch,Books,898,15,70,763.3,194.21468610262292,53431.0
P-813,Mixer,Home,3020,15,140,2567.0,334.40168303979317,359380.0
P-814,Bag,Electronics,2776,20,10,2220.8,380.6593058297395,22208.0
P-815,Smartwatch,Home,5186,5,119,4926.7,529.5822027771657,586277.2999999999
P-816,Tennis Racket,Books,4752,20,211,3801.6000000000004,721.990477577627,802137.6000000001
P-817,Bag,Books,1658,15,171,1409.3,370.052885013615,240990.3
P-818,Monitor,Home,4722,10,23,4249.8,1207.6714540885093,97745.40000000001
P-819,Bag,Books,1552,5,224,1474.3999999999999,416.91295303586236,330265.6
P-820,Smartwatch,Sports,729,0,205,729.0,114.28441026801502,149445.0
P-821,Smartwatch,Sports,4894,15,299,4159.9,538.1213580961992,1243810.0999999999
P-822,Monitor,Home,1134,0,26,1134.0,169.20432895345354,29484.0
P-823,Shoes,Home,4147,20,280,3317.6000000000004,739.5558891004687,928928.0000000001
P-824,Earbuds,Beauty,2018,0,179,2018.0,364.00476142718486,361222.0
P-825,Tennis Racket,Electronics,4228,20,277,3382.4,966.1882522090583,936924.8
P-826,Smartwatch,Sports,1106,15,266,940.1,265.6526946985298,250066.6
P-827,Earbuds,Electronics,3893,0,63,3893.0,713.0743126796493,245259.0
P-828,Lipstick,Fashion,2741,0,80,2741.0,504.58423432925093,219280.0
P-829,Lipstick,Sports,4675,0,294,4675.0,668.6844962739005,1374450.0
P-830,Earbuds,Electronics,1794,15,72,1524.8999999999999,451.27786553132364,109792.79999999999
P-831,Lipstick,Fashion,3982,5,287,3782.8999999999996,524.1209323741092,1085692.2999999998
P-832,Smartwatch,Sports,841,5,151,798.9499999999999,215.2887199619508,120641.44999999998
P-833,Tennis Racket,Sports,3146,20,216,2516.8,603.8606081391504,543628.8
P-834,Earbuds,Home,4889,15,62,4155.65,803.713951785995,257650.3
P-835,Smartwatch,Sports,829,10,215,746.1,97.90776213566068,160411.5
P-836,Monitor,Home,3072,15,166,2611.2,631.7206629773273,433459.19999999995
P-837,Tennis Racket,Home,1965,10,190,1768.5,378.43670946511793,336015.0
P-838,Shoes,Home,3637,0,111,3637.0,481.47399523998195,403707.0
P-839,Smartwatch,Beauty,5970,20,186,4776.0,1372.3810900988983,888336.0
P-840,Bag,Fashion,1100,15,46,935.0,154.52727964700577,43010.0
P-841,Earbuds,Home,1505,5,64,1429.75,384.3059188791988,91504.0
P-842,Shoes,Fashion,2736,15,117,2325.6,617.8216545869734,272095.2
P-843,Bag,Books,597,15,120,507.45,53.679784456819746,60894.0
P-844,Tennis Racket,Books,307,0,133,307.0,72.10673126201091,40831.0
P-845,Earbuds,Books,965,0,217,965.0,145.9929825834971,209405.0
P-846,T-shirt,Sports,410,20,80,328.0,77.86069803877471,26240.0
P-847,Earbuds,Home,236,15,231,200.6,36.18107136090892,46338.6
P-848,Mixer,Home,3629,10,201,3266.1,824.3805612185738,656486.1
P-849,Earbuds,Sports,2079,10,298,1871.1000000000001,317.60699546149255,557587.8
P-850,Lipstick,Fashion,5043,0,212,5043.0,1468.4430484266459,1069116.0
P-851,Tennis Racket,Home,4702,5,164,4466.9,1174.4739511901541,732571.6
P-852,Mixer,Home,1101,5,191,1045.95,254.84610555811747,199776.45
P-853,Smartwatch,Electronics,3940,5,19,3743.0,953.0985494277687,71117.0
P-854,Novel,Fashion,5151,5,11,4893.45,1363.7154761191762,53827.95
P-855,Novel,Books,5560,15,81,4726.0,562.3346275649725,382806.0
P-856,Bag,Sports,5930,20,253,4744.0,967.8293267569499,1200232.0
P-857,Smartwatch,Sports,2965,5,236,2816.75,767.5430336577695,664753.0
P-858,Bag,Fashion,711,0,267,711.0,106.78876168929771,189837.0
P-859,Earbuds,Sports,1797,15,167,1527.45,238.08484943437094,255084.15
P-860,Bag,Home,3566,5,223,3387.7,598.0004437185797,755457.1
P-861,Shoes,Fashion,747,5,84,709.65,140.8993441215168,59610.6
P-862,Bag,Beauty,2148,5,101,2040.6,216.2874090614447,206100.59999999998
P-863,Bag,Sports,326,5,25,309.7,40.312802211584554,7742.5
P-864,Mixer,Fashion,4680,20,27,3744.0,648.8487258203689,101088.0
P-865,Bag,Sports,5935,5,137,5638.25,1120.5059883065765,772440.25
P-866,Tennis Racket,Books,363,15,153,308.55,64.94845239244262,47208.15
P-867,Monitor,Sports,5101,5,162,4845.95,1331.4245817246392,785043.9
P-868,Smartwatch,Fashion,923,5,253,876.8499999999999,177.65842482311575,221843.05
P-869,T-shirt,Home,1701,15,170,1445.85,315.7761112474418,245794.49999999997
P-870,Novel,Beauty,3544,15,166,3012.4,457.2541051801607,500058.4
P-871,Smartwatch,Beauty,5416,0,196,5416.0,1335.3724818274736,1061536.0
P-872,Smartwatch,Books,2115,5,172,2009.25,451.8573110325388,345591.0
P-873,Monitor,Fashion,3354,5,28,3186.2999999999997,748.0030691883564,89216.4
P-874,Shoes,Home,4573,0,11,4573.0,1126.5161157583648,50303.0
P-875,Shoes,Sports,872,15,219,741.1999999999999,212.65465728835375,162322.8
P-876,Earbuds,Books,999,5,155,949.05,214.47279946983318,147102.75
P-877,Monitor,Electronics,4816,5,113,4575.2,1207.078419487472,516997.6
P-878,T-shirt,Fashion,5962,5,19,5663.9,1690.503809754111,107614.09999999999
P-879,T-shirt,Electronics,1175,20,14,940.0,136.95689379013916,13160.0
P-880,Monitor,Beauty,5389,20,127,4311.2,1236.9327171612774,547522.4
P-881,T-shirt,Electronics,1510,20,130,1208.0,361.5054728522274,157040.0
P-882,T-shirt,Home,468,5,248,444.59999999999997,89.4453285084924,110260.79999999999
P-883,Lipstick,Home,1843,5,245,1750.85,181.5212372201198,428958.25
P-884,Tennis Racket,Home,4014,0,157,4014.0,980.3630081601193,630198.0
P-885,Smartwatch,Home,5888,10,106,5299.2,605.4336419015816,561715.2
P-886,T-shirt,Fashion,5860,10,56,5274.0,1414.4869556902865,295344.0
P-887,Smartwatch,Home,3025,5,42,2873.75,374.12539831789206,120697.5
P-888,Monitor,Sports,390,20,28,312.0,57.79571351164581,8736.0
P-889,Monitor,Books,3150,10,213,2835.0,361.468578223676,603855.0
P-890,Mixer,Home,1559,15,87,1325.1499999999999,153.88226421512073,115288.04999999999
P-891,Novel,Fashion,1398,20,155,1118.4,235.57713663923454,173352.0
P-892,Lipstick,Books,638,15,189,542.3,73.59938791667074,102494.7
P-893,Mixer,Home,4584,0,59,4584.0,942.7553575188326,270456.0
P-894,Bag,Books,4080,15,129,3468.0,992.8110990416887,447372.0
P-895,Earbuds,Home,211,15,85,179.35,43.758545820505034,15244.75
P-896,Novel,Books,2961,10,119,2664.9,404.7403525921926,317123.10000000003
P-897,Monitor,Books,3838,5,275,3646.1,534.9530126240254,1002677.5
P-898,Tennis Racket,Electronics,1139,10,24,1025.1000000000001,251.7357557501936,24602.4
P-899,T-shirt,Home,2063,10,156,1856.7,257.3616610125104,289645.2
P-900,Monitor,Sports,5266,10,269,4739.400000000001,720.6583450341558,1274898.6
P-901,Shoes,Fashion,5941,10,13,5346.900000000001,1209.219621774233,69509.70000000001
P-902,Monitor,Books,2641,0,23,2641.0,669.5407690749402,60743.0
P-903,Lipstick,Electronics,2930,0,111,2930.0,477.20528756488807,325230.0
P-904,Tennis Racket,Home,5133,10,10,4619.7,821.2949990761987,46197.0
P-905,Tennis Racket,Sports,855,0,256,855.0,105.80126297634727,218880.0
P-906,Mixer,Electronics,1575,15,120,1338.75,156.92353268097565,160650.0
P-907,Monitor,Electronics,3766,10,34,3389.4,825.1797284685164,115239.6
P-908,Earbuds,Books,5607,20,277,4485.6,630.3878451809459,1242511.2000000002
P-909,Smartwatch,Sports,3954,15,243,3360.9,879.5657948660203,816698.7000000001
P-910,T-shirt,Home,4261,0,203,4261.0,783.498830558095,864983.0
P-911,Bag,Fashion,4162,0,86,4162.0,1050.194754276614,357932.0
P-912,Monitor,Beauty,1914,15,169,1626.8999999999999,386.051827528808,274946.1
P-913,Smartwatch,Sports,874,20,237,699.2,84.5200225661957,165710.40000000002
P-914,Bag,Home,2063,20,143,1650.4,472.5332711704263,236007.2
P-915,T-shirt,Beauty,5024,10,149,4521.6,1049.8320428823033,673718.4
P-916,Smartwatch,Home,647,10,160,582.3000000000001,105.80585711958884,93168.00000000001
P-917,Novel,Fashion,5193,5,270,4933.349999999999,513.5722803982397,1332004.4999999998
P-918,Novel,Home,3922,0,235,3922.0,892.3171691146201,921670.0
P-919,Lipstick,Fashion,2264,10,122,2037.6000000000001,259.80722971749253,248587.2
P-920,Smartwatch,Sports,1199,15,95,1019.15,154.4304035201334,96819.25
P-921,Smartwatch,Home,1154,5,160,1096.3,188.14241473979422,175408.0
P-922,Mixer,Electronics,610,20,163,488.0,51.52773657833789,79544.0
P-923,Tennis Racket,Fashion,3243,15,49,2756.5499999999997,556.3856055359646,135070.94999999998
P-924,Earbuds,Beauty,5629,20,156,4503.2,832.7947297464215,702499.2
P-925,Shoes,Home,3934,0,252,3934.0,452.17729518691306,991368.0
P-926,T-shirt,Books,2639,0,52,2639.0,643.6714153885923,137228.0
P-927,Lipstick,Sports,1406,20,114,1124.8,298.36138622302707,128227.2
P-928,Lipstick,Home,4766,10,106,4289.400000000001,551.0004846169941,454676.4000000001
P-929,Earbuds,Fashion,3293,20,125,2634.4,290.34024997652546,329300.0
P-930,Tennis Racket,Beauty,5179,15,145,4402.15,1145.1030357453994,638311.75
P-931,Shoes,Fashion,5795,20,254,4636.0,595.8090794622964,1177544.0
P-932,Mixer,Home,204,10,80,183.6,53.23989827409215,14688.0
P-933,Mixer,Home,3462,15,53,2942.7,344.33942520654534,155963.09999999998
P-934,Smartwatch,Beauty,3532,5,209,3355.3999999999996,973.0876847264489,701278.6
P-935,Tennis Racket,Fashion,5272,0,265,5272.0,1485.5475664146797,1397080.0
P-936,Mixer,Books,3789,0,33,3789.0,516.5102676731925,125037.0
P-937,Lipstick,Sports,4860,15,144,4131.0,441.50518839216454,594864.0
P-938,Mixer,Electronics,5927,10,107,5334.3,1536.8708344164984,570770.1
P-939,Novel,Beauty,5177,15,51,4400.45,920.0480959438271,224422.94999999998
P-940,Tennis Racket,Sports,4143,20,123,3314.4,899.3035487641415,407671.2
P-941,Mixer,Electronics,729,15,54,619.65,121.68432625870223,33461.1
P-942,Earbuds,Books,700,20,23,560.0,163.14827138526567,12880.0
P-943,Shoes,Electronics,804,15,275,683.4,98.0847660044438,187935.0
P-944,Mixer,Books,2598,15,161,2208.2999999999997,515.2249340989146,355536.29999999993
P-945,Mixer,Home,3381,10,57,3042.9,397.1630261548279,173445.30000000002
P-946,Bag,Electronics,4472,10,15,4024.8,603.9564380271513,60372.0
P-947,Shoes,Sports,4077,5,208,3873.1499999999996,1082.9697306471476,805615.2
P-948,Novel,Books,2806,15,144,2385.1,452.46275295768913,343454.39999999997
P-949,Smartwatch,Fashion,4105,5,144,3899.75,1043.6656314942838,561564.0
P-950,Smartwatch,Books,5971,20,149,4776.8,1361.8668506355702,711743.2000000001
P-951,Tennis Racket,Fashion,2120,10,286,1908.0,530.5079519606742,545688.0
P-952,Tennis Racket,Home,1093,5,21,1038.35,138.316164449694,21805.35
P-953,Shoes,Sports,2946,0,246,2946.0,785.5005485909326,724716.0
P-954,Bag,Electronics,4405,0,38,4405.0,710.5208065369894,167390.0
P-955,Novel,Sports,2502,15,147,2126.7,280.22829307485387,312624.89999999997
P-956,T-shirt,Home,738,10,227,664.2,110.12470764043839,150773.40000000002
P-957,Lipstick,Fashion,5264,5,200,5000.8,1294.2423181398012,1000160.0
P-958,Monitor,Fashion,760,15,236,646.0,182.28096511712656,152456.0
P-959,Novel,Fashion,2535,5,74,2408.25,542.1733282394805,178210.5
P-960,Earbuds,Fashion,1810,15,142,1538.5,178.58097365296192,218467.0
P-961,Monitor,Books,1850,10,51,1665.0,231.2522812379547,84915.0
P-962,Shoes,Electronics,5297,20,229,4237.6,787.0575053699499,970410.4000000001
P-963,Shoes,Beauty,3956,5,189,3758.2,769.2710824955846,710299.7999999999
P-964,Smartwatch,Fashion,1686,5,160,1601.6999999999998,226.71088243302614,256271.99999999997
P-965,Smartwatch,Sports,1969,10,112,1772.1000000000001,266.80074140134747,198475.2
P-966,Novel,Home,5920,5,57,5624.0,1082.2820387552392,320568.0
P-967,Monitor,Fashion,2647,0,38,2647.0,355.1450686955851,100586.0
P-968,T-shirt,Fashion,4228,15,228,3593.7999999999997,398.2629935843334,819386.3999999999
P-969,Monitor,Fashion,3547,0,11,3547.0,850.5272188751181,39017.0
P-970,Lipstick,Beauty,5911,20,142,4728.8,572.1251532543449,671489.6
P-971,Smartwatch,Beauty,1541,20,54,1232.8000000000002,261.3330881229154,66571.20000000001
P-972,Novel,Electronics,1156,0,137,1156.0,229.33337883079503,158372.0
P-973,Smartwatch,Sports,4333,5,243,4116.349999999999,1151.9720877439233,1000273.0499999998
P-974,Smartwatch,Fashion,3099,10,97,2789.1,360.93170584945557,270542.7
P-975,Earbuds,Home,5878,0,25,5878.0,1653.207125624628,146950.0
P-976,Earbuds,Beauty,4287,0,134,4287.0,1019.1768635060558,574458.0
P-977,Monitor,Fashion,2013,5,214,1912.35,413.38498855334734,409242.89999999997
P-978,Monitor,Beauty,4583,0,221,4583.0,595.0770162994314,1012843.0
P-979,Lipstick,Home,2004,5,54,1903.8,341.6125801257769,102805.2
P-980,Monitor,Beauty,5477,0,91,5477.0,1227.3483314502782,498407.0
P-981,Shoes,Beauty,2263,0,213,2263.0,524.6878464569627,482019.0
P-982,Earbuds,Books,3263,0,53,3263.0,576.7006908917516,172939.0
P-983,T-shirt,Books,582,15,157,494.7,50.8933426166118,77667.9
P-984,Lipstick,Home,5527,5,24,5250.65,785.6642924255424,126015.59999999999
P-985,Monitor,Sports,2936,10,289,2642.4,572.8381658114411,763653.6
P-986,Monitor,Electronics,2250,15,203,1912.5,483.9114336656329,388237.5
P-987,Bag,Books,3461,15,13,2941.85,824.7107900579535,38244.049999999996
P-988,Earbuds,Sports,2531,10,45,2277.9,408.5308008207372,102505.5
P-989,Earbuds,Fashion,3563,5,109,3384.85,827.3982993772864,368948.64999999997
P-990,Shoes,Home,651,5,51,618.4499999999999,96.73154761476522,31540.949999999997
P-991,Earbuds,Fashion,5973,20,255,4778.400000000001,1024.0580227607172,1218492.0000000002
P-992,Mixer,Sports,3767,0,233,3767.0,421.9669999875035,877711.0
P-993,Shoes,Electronics,392,0,181,392.0,110.45768350476656,70952.0
P-994,Monitor,Beauty,4062,5,187,3858.8999999999996,751.097976443536,721614.2999999999
P-995,Earbuds,Books,2179,10,90,1961.1000000000001,258.95816926259545,176499.0
P-996,Earbuds,Beauty,2964,20,225,2371.2000000000003,532.5803553273694,533520.0000000001
P-997,Tennis Racket,Beauty,3346,10,142,3011.4,783.1969430033041,427618.8
P-998,Novel,Electronics,1719,20,180,1375.2,205.28214197797226,247536.0
P-999,Smartwatch,Beauty,5690,20,207,4552.0,1162.6144813854444,942264.0
P-1000,Bag,Fashion,906,0,21,906.0,102.55080578081345,19026.0
